{"graph_0": {"_type": "graph-file", "path": "media/graph/graph_0_summary_01296038.graph.json", "sha256": "01296038afdbc81634fc2fbe7081ecf8f1b846b4f89d6a1096ae541204b8fa15", "size": 1693}, "loss": 0.7181935906410217, "accuracy": 56.44444444444444, "_runtime": 17, "_timestamp": 1617184268, "_step": 49, "gradients/classifier.7.bias": {"_type": "histogram", "values": [0.0, 0.0, 0.0, 0.0, 0.0, 0.0, 0.0, 0.0, 0.0, 0.0, 0.0, 0.0, 0.0, 0.0, 0.0, 0.0, 0.0, 0.0, 0.0, 0.0, 0.0, 0.0, 0.0, 0.0, 0.0, 0.0, 0.0, 0.0, 0.0, 0.0, 0.0, 0.0, 1.0, 0.0, 0.0, 0.0, 0.0, 0.0, 0.0, 0.0, 0.0, 0.0, 0.0, 0.0, 0.0, 0.0, 0.0, 0.0, 0.0, 0.0, 0.0, 0.0, 0.0, 0.0, 0.0, 0.0, 0.0, 0.0, 0.0, 0.0, 0.0, 0.0, 0.0, 0.0], "bins": [-0.1800134927034378, -0.1800134927034378, -0.1800134927034378, -0.1800134927034378, -0.1800134927034378, -0.1800134927034378, -0.1800134927034378, -0.1800134927034378, -0.1800134927034378, -0.1800134927034378, -0.1800134927034378, -0.1800134927034378, -0.1800134927034378, -0.1800134927034378, -0.1800134927034378, -0.1800134927034378, -0.1800134927034378, -0.1800134927034378, -0.1800134927034378, -0.1800134927034378, -0.1800134927034378, -0.1800134927034378, -0.1800134927034378, -0.1800134927034378, -0.1800134927034378, -0.1800134927034378, -0.1800134927034378, -0.1800134927034378, -0.1800134927034378, -0.1800134927034378, -0.1800134927034378, -0.1800134927034378, -0.1800134927034378, -0.1800134927034378, -0.1800134927034378, -0.1800134927034378, -0.1800134927034378, -0.1800134927034378, -0.1800134927034378, -0.1800134927034378, -0.1800134927034378, -0.1800134927034378, -0.1800134927034378, -0.1800134927034378, -0.1800134927034378, -0.1800134927034378, -0.1800134927034378, -0.1800134927034378, -0.1800134927034378, -0.1800134927034378, -0.1800134927034378, -0.1800134927034378, -0.1800134927034378, -0.1800134927034378, -0.1800134927034378, -0.1800134927034378, -0.1800134927034378, -0.1800134927034378, -0.1800134927034378, -0.1800134927034378, -0.1800134927034378, -0.1800134927034378, -0.1800134927034378, -0.1800134927034378, -0.1800134927034378]}, "gradients/classifier.7.weight": {"_type": "histogram", "values": [1.0, 0.0, 0.0, 0.0, 0.0, 0.0, 0.0, 0.0, 0.0, 0.0, 0.0, 0.0, 0.0, 0.0, 0.0, 1.0, 1.0, 0.0, 0.0, 0.0, 0.0, 0.0, 0.0, 0.0, 0.0, 1.0, 0.0, 0.0, 0.0, 0.0, 0.0, 1.0, 1.0, 1.0, 1.0, 1.0, 0.0, 2.0, 1.0, 5.0, 1.0, 2.0, 1.0, 1.0, 2.0, 2.0, 4.0, 1.0, 2.0, 2.0, 3.0, 3.0, 4.0, 2.0, 3.0, 2.0, 2.0, 3.0, 0.0, 3.0, 3.0, 0.0, 0.0, 1.0], "bins": [-0.1166333481669426, -0.1146840900182724, -0.1127348244190216, -0.11078556627035141, -0.10883630812168121, -0.10688704997301102, -0.10493778437376022, -0.10298852622509003, -0.10103926807641983, -0.09909000992774963, -0.09714074432849884, -0.09519148617982864, -0.09324222803115845, -0.09129296988248825, -0.08934370428323746, -0.08739444613456726, -0.08544518053531647, -0.08349592238664627, -0.08154665678739548, -0.07959739863872528, -0.07764814049005508, -0.07569888234138489, -0.0737496167421341, -0.0718003585934639, -0.0698511004447937, -0.0679018422961235, -0.06595257669687271, -0.06400331854820251, -0.06205406039953232, -0.06010479852557182, -0.05815553665161133, -0.05620627850294113, -0.054257020354270935, -0.05230775848031044, -0.050358500331640244, -0.04840923845767975, -0.04645998030900955, -0.04451071843504906, -0.04256145656108856, -0.040612198412418365, -0.03866294026374817, -0.036713678389787674, -0.03476442024111748, -0.03281515836715698, -0.030865900218486786, -0.02891663834452629, -0.026967378333210945, -0.0250181183218956, -0.023068856447935104, -0.02111959643661976, -0.019170336425304413, -0.017221074551343918, -0.015271815471351147, -0.013322555460035801, -0.01137329451739788, -0.009424034506082535, -0.007474774494767189, -0.005525514483451843, -0.00357625400647521, -0.0016269935294985771, 0.00032226648181676865, 0.0022715264931321144, 0.004220787435770035, 0.0061700474470853806, 0.008119307458400726]}, "gradients/classifier.5.bias": {"_type": "histogram", "values": [1.0, 0.0, 0.0, 1.0, 0.0, 0.0, 0.0, 0.0, 2.0, 0.0, 3.0, 1.0, 0.0, 2.0, 2.0, 0.0, 1.0, 0.0, 1.0, 0.0, 1.0, 1.0, 0.0, 0.0, 3.0, 0.0, 2.0, 1.0, 0.0, 1.0, 0.0, 0.0, 1.0, 0.0, 1.0, 2.0, 2.0, 2.0, 4.0, 0.0, 2.0, 2.0, 2.0, 0.0, 0.0, 0.0, 2.0, 0.0, 1.0, 2.0, 2.0, 3.0, 1.0, 1.0, 0.0, 1.0, 1.0, 1.0, 3.0, 2.0, 0.0, 0.0, 1.0, 2.0], "bins": [-0.017411325126886368, -0.016949931159615517, -0.016488535329699516, -0.016027141362428665, -0.015565747395157814, -0.015104352496564388, -0.014642957597970963, -0.014181563630700111, -0.013720168732106686, -0.01325877383351326, -0.012797379866242409, -0.012335984967648983, -0.011874590069055557, -0.011413196101784706, -0.01095180120319128, -0.010490406304597855, -0.010029012337327003, -0.009567617438733578, -0.009106223471462727, -0.0086448285728693, -0.00818343460559845, -0.007722039707005024, -0.007260644808411598, -0.00679925037547946, -0.006337855942547321, -0.005876461509615183, -0.005415067076683044, -0.004953672178089619, -0.00449227774515748, -0.004030883312225342, -0.0035694886464625597, -0.0031080939806997776, -0.0026466986164450645, -0.002185304183512926, -0.001723909517750144, -0.0012625149684026837, -0.0008011204190552235, -0.000339725986123085, 0.00012166867963969707, 0.0005830633454024792, 0.0010444577783346176, 0.0015058523276820779, 0.001967246877029538, 0.0024286415427923203, 0.0028900359757244587, 0.003351430408656597, 0.0038128250744193792, 0.004274219740182161, 0.0047356141731143, 0.005197008606046438, 0.005658403038978577, 0.006119797937572002, 0.006581192370504141, 0.007042586803436279, 0.007503981702029705, 0.00796537660062313, 0.008426770567893982, 0.008888165466487408, 0.009349559433758259, 0.009810954332351685, 0.010272348299622536, 0.010733743198215961, 0.011195138096809387, 0.011656532064080238, 0.012117926962673664]}, "gradients/classifier.5.weight": {"_type": "histogram", "values": [2.0, 0.0, 0.0, 0.0, 1.0, 2.0, 3.0, 4.0, 4.0, 4.0, 7.0, 44.0, 17.0, 90.0, 188.0, 211.0, 66.0, 17.0, 75.0, 89.0, 212.0, 311.0, 187.0, 338.0, 138.0, 348.0, 477.0, 296.0, 519.0, 846.0, 598.0, 305.0, 421.0, 371.0, 132.0, 282.0, 191.0, 394.0, 202.0, 63.0, 90.0, 12.0, 62.0, 178.0, 188.0, 113.0, 12.0, 56.0, 8.0, 1.0, 1.0, 3.0, 1.0, 2.0, 2.0, 1.0, 2.0, 0.0, 0.0, 1.0, 1.0, 1.0, 1.0, 1.0], "bins": [-0.01348066981881857, -0.013024585321545601, -0.012568499892950058, -0.01211241539567709, -0.011656330898404121, -0.011200246401131153, -0.010744161903858185, -0.010288076475262642, -0.009831991977989674, -0.009375907480716705, -0.008919822052121162, -0.008463737554848194, -0.008007653057575226, -0.0075515685603022575, -0.007095483597368002, -0.006639398634433746, -0.006183314137160778, -0.00572722963988781, -0.005271144676953554, -0.0048150597140192986, -0.00435897521674633, -0.0039028904866427183, -0.0034468057565391064, -0.0029907210264354944, -0.0025346362963318825, -0.0020785515662282705, -0.0016224668361246586, -0.0011663821060210466, -0.0007102973759174347, -0.00025421264581382275, 0.0002018720842897892, 0.0006579568143934011, 0.0011140406131744385, 0.0015701253432780504, 0.0020262100733816624, 0.0024822948034852743, 0.0029383795335888863, 0.003394464263692498, 0.00385054899379611, 0.004306633956730366, 0.004762718454003334, 0.005218802951276302, 0.005674887914210558, 0.0061309728771448135, 0.006587057374417782, 0.00704314187169075, 0.007499226834625006, 0.007955311797559261, 0.00841139629483223, 0.008867480792105198, 0.009323565289378166, 0.009779650717973709, 0.010235735215246677, 0.010691819712519646, 0.011147905141115189, 0.011603989638388157, 0.012060074135661125, 0.012516158632934093, 0.012972243130207062, 0.013428328558802605, 0.013884413056075573, 0.014340497553348541, 0.014796582981944084, 0.015252667479217052, 0.01570875197649002]}, "gradients/classifier.4.weight": {"_type": "histogram",