{"graph_0": {"_type": "graph-file", "path": "media/graph/graph_0_summary_bc79a6b9.graph.json", "sha256": "bc79a6b9e0a3d055af1203d9f810200857dc1288a6e1dd0c6607f9b7753539ea", "size": 1693}, "loss": 0.6695562601089478, "accuracy": 60.828947368421055, "_runtime": 12, "_timestamp": 1617265601, "_step": 49, "gradients/graph_1classifier.7.bias": {"_type": "histogram", "values": [0.0, 0.0, 0.0, 0.0, 0.0, 0.0, 0.0, 0.0, 0.0, 0.0, 0.0, 0.0, 0.0, 0.0, 0.0, 0.0, 0.0, 0.0, 0.0, 0.0, 0.0, 0.0, 0.0, 0.0, 0.0, 0.0, 0.0, 0.0, 0.0, 0.0, 0.0, 0.0, 1.0, 0.0, 0.0, 0.0, 0.0, 0.0, 0.0, 0.0, 0.0, 0.0, 0.0, 0.0, 0.0, 0.0, 0.0, 0.0, 0.0, 0.0, 0.0, 0.0, 0.0, 0.0, 0.0, 0.0, 0.0, 0.0, 0.0, 0.0, 0.0, 0.0, 0.0, 0.0], "bins": [0.16631513833999634, 0.16631513833999634, 0.16631513833999634, 0.16631513833999634, 0.16631513833999634, 0.16631513833999634, 0.16631513833999634, 0.16631513833999634, 0.16631513833999634, 0.16631513833999634, 0.16631513833999634, 0.16631513833999634, 0.16631513833999634, 0.16631513833999634, 0.16631513833999634, 0.16631513833999634, 0.16631513833999634, 0.16631513833999634, 0.16631513833999634, 0.16631513833999634, 0.16631513833999634, 0.16631513833999634, 0.16631513833999634, 0.16631513833999634, 0.16631513833999634, 0.16631513833999634, 0.16631513833999634, 0.16631513833999634, 0.16631513833999634, 0.16631513833999634, 0.16631513833999634, 0.16631513833999634, 0.16631513833999634, 0.16631513833999634, 0.16631513833999634, 0.16631513833999634, 0.16631513833999634, 0.16631513833999634, 0.16631513833999634, 0.16631513833999634, 0.16631513833999634, 0.16631513833999634, 0.16631513833999634, 0.16631513833999634, 0.16631513833999634, 0.16631513833999634, 0.16631513833999634, 0.16631513833999634, 0.16631513833999634, 0.16631513833999634, 0.16631513833999634, 0.16631513833999634, 0.16631513833999634, 0.16631513833999634, 0.16631513833999634, 0.16631513833999634, 0.16631513833999634, 0.16631513833999634, 0.16631513833999634, 0.16631513833999634, 0.16631513833999634, 0.16631513833999634, 0.16631513833999634, 0.16631513833999634, 0.16631513833999634]}, "gradients/graph_1classifier.7.weight": {"_type": "histogram", "values": [5.0, 3.0, 2.0, 1.0, 2.0, 4.0, 2.0, 5.0, 0.0, 1.0, 4.0, 2.0, 1.0, 1.0, 0.0, 1.0, 3.0, 1.0, 0.0, 2.0, 0.0, 3.0, 3.0, 1.0, 2.0, 1.0, 2.0, 0.0, 1.0, 0.0, 0.0, 0.0, 3.0, 0.0, 0.0, 0.0, 2.0, 1.0, 0.0, 0.0, 0.0, 1.0, 0.0, 2.0, 0.0, 0.0, 0.0, 0.0, 0.0, 0.0, 0.0, 1.0, 0.0, 0.0, 0.0, 0.0, 0.0, 0.0, 0.0, 0.0, 0.0, 0.0, 0.0, 1.0], "bins": [-0.004312329459935427, -0.000516718253493309, 0.0032788929529488087, 0.007074504625052214, 0.010870115831494331, 0.014665726572275162, 0.01846133917570114, 0.022256949916481972, 0.026052560657262802, 0.029848171398043633, 0.03364378213882446, 0.03743939474225044, 0.04123500734567642, 0.0450306162238121, 0.04882622882723808, 0.05262184143066406, 0.056417450308799744, 0.06021306291222572, 0.0640086755156517, 0.06780428439378738, 0.07159989327192307, 0.07539550960063934, 0.07919111847877502, 0.0829867273569107, 0.08678234368562698, 0.09057795256376266, 0.09437356889247894, 0.09816917777061462, 0.1019647866487503, 0.10576039552688599, 0.10955601185560226, 0.11335162073373795, 0.11714722216129303, 0.12094283103942871, 0.12473844736814499, 0.12853404879570007, 0.13232967257499695, 0.13612528145313263, 0.1399208903312683, 0.143716499209404, 0.14751210808753967, 0.15130771696567535, 0.15510332584381104, 0.1588989496231079, 0.1626945585012436, 0.16649016737937927, 0.17028577625751495, 0.17408138513565063, 0.1778770089149475, 0.1816726177930832, 0.18546822667121887, 0.18926385045051575, 0.19305945932865143, 0.1968550682067871, 0.2006506770849228, 0.20444628596305847, 0.20824189484119415, 0.21203750371932983, 0.21583311259746552, 0.2196287214756012, 0.22342434525489807, 0.22721995413303375, 0.23101556301116943, 0.23481117188930511, 0.2386067807674408]}, "gradients/graph_1classifier.5.bias": {"_type": "histogram", "values": [1.0, 0.0, 2.0, 0.0, 0.0, 0.0, 0.0, 1.0, 1.0, 1.0, 0.0, 2.0, 0.0, 1.0, 2.0, 0.0, 1.0, 1.0, 0.0, 1.0, 5.0, 1.0, 1.0, 2.0, 3.0, 1.0, 0.0, 2.0, 1.0, 1.0, 2.0, 0.0, 0.0, 1.0, 5.0, 3.0, 2.0, 0.0, 1.0, 0.0, 2.0, 2.0, 5.0, 0.0, 1.0, 1.0, 0.0, 0.0, 1.0, 2.0, 0.0, 0.0, 0.0, 1.0, 0.0, 1.0, 1.0, 0.0, 1.0, 0.0, 0.0, 0.0, 0.0, 1.0], "bins": [-0.0161895751953125, -0.015682535246014595, -0.015175496228039265, -0.014668457210063934, -0.01416141726076603, -0.013654378242790699, -0.013147339224815369, -0.012640299275517464, -0.012133260257542133, -0.011626221239566803, -0.011119181290268898, -0.010612142272293568, -0.010105103254318237, -0.009598063305020332, -0.009091024287045002, -0.008583985269069672, -0.008076945319771767, -0.007569905836135149, -0.007062866352498531, -0.006555827334523201, -0.006048787850886583, -0.005541748367249966, -0.005034709349274635, -0.004527669865638018, -0.0040206303820014, -0.0035135908983647823, -0.0030065516475588083, -0.0024995123967528343, -0.0019924729131162167, -0.001485433429479599, -0.000978394178673625, -0.000471354927867651, 3.5682693123817444e-05, 0.0005427220603451133, 0.0010497614275664091, 0.001556800794787705, 0.0020638401620090008, 0.0025708796456456184, 0.0030779188964515924, 0.0035849581472575665, 0.004091997630894184, 0.004599037114530802, 0.005106076598167419, 0.00561311561614275, 0.0061201550997793674, 0.006627194583415985, 0.0071342336013913155, 0.007641273085027933, 0.00814831256866455, 0.008655351586639881, 0.009162391535937786, 0.009669430553913116, 0.010176470503211021, 0.010683509521186352, 0.011190548539161682, 0.011697588488459587, 0.012204627506434917, 0.012711666524410248, 0.013218706473708153, 0.013725745491683483, 0.014232784509658813, 0.014739824458956718, 0.015246863476932049, 0.01575390249490738, 0.016260942444205284]}, "gradients/graph_1classifier.5.weight": {"_type": "histogram", "values": [1.0, 0.0, 1.0, 0.0, 1.0, 2.0, 54.0, 54.0, 58.0, 20.0, 168.0, 74.0, 100.0, 140.0, 14.0, 56.0, 8.0, 58.0, 176.0, 39.0, 78.0, 138.0, 37.0, 127.0, 215.0, 319.0, 224.0, 236.0, 485.0, 205.0, 285.0, 253.0, 189.0, 241.0, 180.0, 239.0, 178.0, 256.0, 263.0, 300.0, 455.0, 158.0, 343.0, 246.0, 175.0, 71.0, 78.0, 118.0, 71.0, 125.0, 113.0, 17.0, 32.0, 43.0, 68.0, 161.0, 30.0, 137.0, 88.0, 58.0, 34.0, 47.0, 50.0, 2.0], "bins": [-0.023640070110559464, -0.022950205951929092, -0.02226034179329872, -0.02157047763466835, -0.02088061347603798, -0.020190749317407608, -0.019500885158777237, -0.018811021000146866, -0.018121156841516495, -0.017431292682886124, -0.016741428524255753, -0.01605156436562538, -0.01536170020699501, -0.01467183604836464, -0.013981971889734268, -0.013292107731103897, -0.012602243572473526, -0.011912379413843155, -0.011222515255212784, -0.010532651096582413, -0.009842786937952042, -0.00915292277932167, -0.0084630586206913, -0.007773194462060928, -0.007083330303430557, -0.006393466144800186, -0.005703601986169815, -0.005013737827539444, -0.004323873668909073, -0.0036340095102787018, -0.0029441453516483307, -0.0022542811930179596, -0.0015644170343875885, -0.0008745528757572174, -0.0001846887171268463, 0.0005051754415035248, 0.0011950396001338959, 0.001884903758764267, 0.002574767917394638, 0.003264632076025009, 0.00395449623465538, 0.004644360393285751, 0.0053342245519161224, 0.0060240887105464935, 0.006713952869176865, 0.007403817027807236, 0.008093681186437607, 0.008783545345067978, 0.009473409503698349, 0.01016327366232872, 0.010853137820959091, 0.011543001979589462, 0.012232866138219833, 0.012922730296850204, 0.013612594455480576, 0.014302458614110947, 0.014992322772741318, 0.01568218693137169, 0.01637205109000206, 0.01706191524863243, 0.017751779407262802, 0.018441643565893173, 0.019131507724523544, 0.019821371883153915, 0.020511236041784286]}, "gradients/graph_1classifier.4.weight": {"_type": "histogram",